{
  "MRR": {
    "1": 0.3695652173913043,
    "3": 0.5942028985507246,
    "5": 0.6153985507246377,
    "10": 0.6190217391304348,
    "20": 0.6190217391304348
  },
  "NDCG": {
    "1": 0.12552594670406733,
    "3": 0.31653426959006187,
    "5": 0.3433874796132493,
    "10": 0.33731340648380537,
    "20": 0.34667334595656124
  },
  "Recall": {
    "1": 0.0027776013521978297,
    "3": 0.011801553074781751,
    "5": 0.019943043728017234,
    "10": 0.03607823151188989,
    "20": 0.06533411854421652
  },
  "Precision": {
    "1": 0.3695652173913043,
    "3": 0.5,
    "5": 0.5065217391304349,
    "10": 0.45326086956521733,
    "20": 0.4081521739130434
  }
}